Type,Name,Request Count,Failure Count,Median Response Time,Average Response Time,Min Response Time,Max Response Time,Average Content Size,Requests/s,Failures/s,50%,66%,75%,80%,90%,95%,98%,99%,99.9%,99.99%,100%
POST,/,100993,100993,200.0,205.0087638084445,158.6205070007054,10482.982817000448,139.0,4.870476998784173,4.870476998784173,200,200,200,210,210,240,270,310,500,920,10000
,Aggregated,100993,100993,200.0,205.0087638084445,158.6205070007054,10482.982817000448,139.0,4.870476998784173,4.870476998784173,200,200,200,210,210,240,270,310,500,920,10000
